test_size,percent
0.0500,0.77778
0.1000,0.88889
0.1500,0.85185
0.2000,0.69444
0.2500,0.75556
0.3000,0.72222
0.3500,0.74603
0.4000,0.59722
0.4500,0.70370
0.5000,0.73034
0.5500,0.70408
0.6000,0.69159
0.6500,0.80172
0.7000,0.77600
0.7500,0.70149
0.8000,0.71329
0.8500,0.73026
0.9000,0.64596
